日期,日出,日中,日落,昼长,天亮,天黑,平均
2021年01月01日 周五,07:06:50,11:57:26,16:48:02,09:41:12,06:38:05,17:16:47,1970-01-01 23:57:26
2021年01月02日 周六,07:06:59,11:57:54,16:48:50,09:41:51,06:38:16,17:17:33,1970-01-01 23:57:54
2021年01月03日 周日,07:07:05,11:58:22,16:49:38,09:42:33,06:38:24,17:18:20,1970-01-01 23:58:22
2021年01月04日 周一,07:07:10,11:58:49,16:50:29,09:43:19,06:38:30,17:19:08,1970-01-01 23:58:49
2021年01月05日 周二,07:07:12,11:59:16,16:51:20,09:44:08,06:38:35,17:19:57,1970-01-01 23:59:16
2021年01月06日 周三,07:07:12,11:59:42,16:52:12,09:45:00,06:38:38,17:20:47,1970-01-01 23:59:42
2021年01月07日 周四,07:07:11,12:00:08,16:53:06,09:45:55,06:38:38,17:21:38,1970-01-02 00:00:08
2021年01月08日 周五,07:07:07,12:00:34,16:54:00,09:46:53,06:38:37,17:22:30,1970-01-02 00:00:33
2021年01月09日 周六,07:07:02,12:00:59,16:54:56,09:47:54,06:38:34,17:23:23,1970-01-02 00:00:58
2021年01月10日 周日,07:06:54,12:01:23,16:55:52,09:48:58,06:38:29,17:24:17,1970-01-02 00:01:23
2021年01月11日 周一,07:06:44,12:01:47,16:56:50,09:50:06,06:38:22,17:25:12,1970-01-02 00:01:47
2021年01月12日 周二,07:06:33,12:02:10,16:57:48,09:51:15,06:38:13,17:26:07,1970-01-02 00:02:10
2021年01月13日 周三,07:06:19,12:02:33,16:58:47,09:52:28,06:38:02,17:27:03,1970-01-02 00:02:32
2021年01月14日 周四,07:06:03,12:02:55,16:59:46,09:53:43,06:37:50,17:28:00,1970-01-02 00:02:55
2021年01月15日 周五,07:05:45,12:03:16,17:00:47,09:55:02,06:37:35,17:28:57,1970-01-02 00:03:16
2021年01月16日 周六,07:05:26,12:03:37,17:01:47,09:56:21,06:37:19,17:29:55,1970-01-02 00:03:37
2021年01月17日 周日,07:05:04,12:03:57,17:02:49,09:57:45,06:37:00,17:30:53,1970-01-02 00:03:56
2021年01月18日 周一,07:04:41,12:04:16,17:03:51,09:59:10,06:36:40,17:31:52,1970-01-02 00:04:16
2021年01月19日 周二,07:04:15,12:04:34,17:04:54,10:00:39,06:36:18,17:32:51,1970-01-02 00:04:34
2021年01月20日 周三,07:03:48,12:04:52,17:05:57,10:02:09,06:35:54,17:33:51,1970-01-02 00:04:52
2021年01月21日 周四,07:03:18,12:05:09,17:07:00,10:03:42,06:35:28,17:34:50,1970-01-02 00:05:09
2021年01月22日 周五,07:02:47,12:05:25,17:08:04,10:05:17,06:35:00,17:35:51,1970-01-02 00:05:25
2021年01月23日 周六,07:02:14,12:05:41,17:09:08,10:06:54,06:34:30,17:36:51,1970-01-02 00:05:40
2021年01月24日 周日,07:01:39,12:05:56,17:10:12,10:08:33,06:33:59,17:37:52,1970-01-02 00:05:55
2021年01月25日 周一,07:01:02,12:06:09,17:11:16,10:10:14,06:33:26,17:38:53,1970-01-02 00:06:09
2021年01月26日 周二,07:00:24,12:06:23,17:12:21,10:11:57,06:32:51,17:39:54,1970-01-02 00:06:22
2021年01月27日 周三,06:59:44,12:06:35,17:13:26,10:13:42,06:32:14,17:40:56,1970-01-02 00:06:35
2021年01月28日 周四,06:59:02,12:06:46,17:14:31,10:15:29,06:31:36,17:41:57,1970-01-02 00:06:46
2021年01月29日 周五,06:58:18,12:06:57,17:15:36,10:17:18,06:30:55,17:42:59,1970-01-02 00:06:57
2021年01月30日 周六,06:57:33,12:07:07,17:16:41,10:19:08,06:30:14,17:44:00,1970-01-02 00:07:07
2021年01月31日 周日,06:56:46,12:07:16,17:17:46,10:21:00,06:29:30,17:45:02,1970-01-02 00:07:16
2021年02月01日 周一,06:55:57,12:07:24,17:18:52,10:22:55,06:28:45,17:46:03,1970-01-02 00:07:24
2021年02月02日 周二,06:55:07,12:07:32,17:19:57,10:24:50,06:27:58,17:47:05,1970-01-02 00:07:31
2021年02月03日 周三,06:54:15,12:07:38,17:21:02,10:26:47,06:27:10,17:48:07,1970-01-02 00:07:38
2021年02月04日 周四,06:53:21,12:07:44,17:22:07,10:28:46,06:26:20,17:49:08,1970-01-02 00:07:44
2021年02月05日 周五,06:52:27,12:07:49,17:23:11,10:30:44,06:25:28,17:50:10,1970-01-02 00:07:49
2021年02月06日 周六,06:51:30,12:07:53,17:24:16,10:32:46,06:24:36,17:51:11,1970-01-02 00:07:53
2021年02月07日 周日,06:50:33,12:07:57,17:25:21,10:34:48,06:23:41,17:52:12,1970-01-02 00:07:56
2021年02月08日 周一,06:49:33,12:07:59,17:26:25,10:36:52,06:22:45,17:53:13,1970-01-02 00:07:59
2021年02月09日 周二,06:48:33,12:08:01,17:27:29,10:38:56,06:21:48,17:54:14,1970-01-02 00:08:01
2021年02月10日 周三,06:47:31,12:08:02,17:28:33,10:41:02,06:20:49,17:55:15,1970-01-02 00:08:02
2021年02月11日 周四,06:46:28,12:08:02,17:29:37,10:43:09,06:19:49,17:56:15,1970-01-02 00:08:02
2021年02月12日 周五,06:45:23,12:08:02,17:30:40,10:45:17,06:18:48,17:57:16,1970-01-02 00:08:02
2021年02月13日 周六,06:44:18,12:08:00,17:31:43,10:47:25,06:17:45,17:58:16,1970-01-02 00:08:00
2021年02月14日 周日,06:43:11,12:07:58,17:32:46,10:49:35,06:16:41,17:59:16,1970-01-02 00:07:58
2021年02月15日 周一,06:42:03,12:07:56,17:33:49,10:51:46,06:15:36,18:00:16,1970-01-02 00:07:56
2021年02月16日 周二,06:40:53,12:07:52,17:34:51,10:53:58,06:14:29,18:01:16,1970-01-02 00:07:52
2021年02月17日 周三,06:39:43,12:07:48,17:35:53,10:56:10,06:13:21,18:02:15,1970-01-02 00:07:48
2021年02月18日 周四,06:38:31,12:07:43,17:36:55,10:58:24,06:12:12,18:03:14,1970-01-02 00:07:43
2021年02月19日 周五,06:37:19,12:07:38,17:37:56,11:00:37,06:11:02,18:04:13,1970-01-02 00:07:37
2021年02月20日 周六,06:36:05,12:07:32,17:38:58,11:02:53,06:09:51,18:05:12,1970-01-02 00:07:31
2021年02月21日 周日,06:34:51,12:07:25,17:39:58,11:05:07,06:08:39,18:06:10,1970-01-02 00:07:24
2021年02月22日 周一,06:33:36,12:07:17,17:40:59,11:07:23,06:07:26,18:07:08,1970-01-02 00:07:17
2021年02月23日 周二,06:32:19,12:07:09,17:41:59,11:09:40,06:06:12,18:08:06,1970-01-02 00:07:09
2021年02月24日 周三,06:31:02,12:07:00,17:42:59,11:11:57,06:04:57,18:09:04,1970-01-02 00:07:00
2021年02月25日 周四,06:29:44,12:06:51,17:43:58,11:14:14,06:03:41,18:10:02,1970-01-02 00:06:51
2021年02月26日 周五,06:28:25,12:06:41,17:44:57,11:16:32,06:02:24,18:10:59,1970-01-02 00:06:41
2021年02月27日 周六,06:27:05,12:06:31,17:45:56,11:18:51,06:01:06,18:11:56,1970-01-02 00:06:31
2021年02月28日 周日,06:25:45,12:06:20,17:46:55,11:21:10,05:59:47,18:12:53,1970-01-02 00:06:20
2021年03月01日 周一,06:24:24,12:06:08,17:47:53,11:23:29,05:58:27,18:13:49,1970-01-02 00:06:08
2021年03月02日 周二,06:23:02,12:05:56,17:48:51,11:25:49,05:57:07,18:14:46,1970-01-02 00:05:56
2021年03月03日 周三,06:21:39,12:05:44,17:49:48,11:28:09,05:55:46,18:15:42,1970-01-02 00:05:44
2021年03月04日 周四,06:20:16,12:05:31,17:50:46,11:30:30,05:54:24,18:16:38,1970-01-02 00:05:31
2021年03月05日 周五,06:18:52,12:05:18,17:51:43,11:32:51,05:53:01,18:17:34,1970-01-02 00:05:17
2021年03月06日 周六,06:17:28,12:05:04,17:52:39,11:35:11,05:51:38,18:18:30,1970-01-02 00:05:04
2021年03月07日 周日,06:16:03,12:04:49,17:53:36,11:37:33,05:50:14,18:19:25,1970-01-02 00:04:49
2021年03月08日 周一,06:14:38,12:04:35,17:54:32,11:39:54,05:48:49,18:20:20,1970-01-02 00:04:34
2021年03月09日 周二,06:13:12,12:04:20,17:55:28,11:42:16,05:47:24,18:21:16,1970-01-02 00:04:20
2021年03月10日 周三,06:11:46,12:04:05,17:56:23,11:44:37,05:45:59,18:22:11,1970-01-02 00:04:05
2021年03月11日 周四,06:10:19,12:03:49,17:57:19,11:47:00,05:44:32,18:23:05,1970-01-02 00:03:48
2021年03月12日 周五,06:08:52,12:03:33,17:58:14,11:49:22,05:43:06,18:24:00,1970-01-02 00:03:33
2021年03月13日 周六,06:07:25,12:03:17,17:59:09,11:51:44,05:41:39,18:24:55,1970-01-02 00:03:17
2021年03月14日 周日,06:05:57,12:03:00,18:00:04,11:54:07,05:40:11,18:25:49,1970-01-02 00:03:00
2021年03月15日 周一,06:04:29,12:02:44,18:00:58,11:56:29,05:38:43,18:26:44,1970-01-02 00:02:43
2021年03月16日 周二,06:03:01,12:02:27,18:01:52,11:58:51,05:37:15,18:27:38,1970-01-02 00:02:26
2021年03月17日 周三,06:01:32,12:02:09,18:02:46,12:01:14,05:35:46,18:28:33,1970-01-02 00:02:09
2021年03月18日 周四,06:00:04,12:01:52,18:03:40,12:03:36,05:34:17,18:29:27,1970-01-02 00:01:52
2021年03月19日 周五,05:58:35,12:01:34,18:04:34,12:05:59,05:32:48,18:30:21,1970-01-02 00:01:34
2021年03月20日 周六,05:57:06,12:01:17,18:05:28,12:08:22,05:31:18,18:31:15,1970-01-02 00:01:16
2021年03月21日 周日,05:55:37,12:00:59,18:06:21,12:10:44,05:29:49,18:32:09,1970-01-02 00:00:59
2021年03月22日 周一,05:54:08,12:00:41,18:07:14,12:13:06,05:28:19,18:33:03,1970-01-02 00:00:41
2021年03月23日 周二,05:52:39,12:00:23,18:08:08,12:15:29,05:26:49,18:33:57,1970-01-02 00:00:23
2021年03月24日 周三,05:51:09,12:00:05,18:09:01,12:17:52,05:25:19,18:34:52,1970-01-02 00:00:05
2021年03月25日 周四,05:49:40,11:59:47,18:09:54,12:20:14,05:23:48,18:35:46,1970-01-01 23:59:47
2021年03月26日 周五,05:48:11,11:59:29,18:10:46,12:22:35,05:22:18,18:36:40,1970-01-01 23:59:29
2021年03月27日 周六,05:46:42,11:59:11,18:11:39,12:24:57,05:20:47,18:37:34,1970-01-01 23:59:10
2021年03月28日 周日,05:45:13,11:58:53,18:12:32,12:27:19,05:19:17,18:38:28,1970-01-01 23:58:52
2021年03月29日 周一,05:43:44,11:58:35,18:13:25,12:29:41,05:17:47,18:39:23,1970-01-01 23:58:35
2021年03月30日 周二,05:42:16,11:58:17,18:14:17,12:32:01,05:16:16,18:40:17,1970-01-01 23:58:16
2021年03月31日 周三,05:40:47,11:57:59,18:15:10,12:34:23,05:14:46,18:41:11,1970-01-01 23:57:58
2021年04月01日 周四,05:39:19,11:57:41,18:16:02,12:36:43,05:13:16,18:42:06,1970-01-01 23:57:41
2021年04月02日 周五,05:37:51,11:57:23,18:16:55,12:39:04,05:11:46,18:43:00,1970-01-01 23:57:23
2021年04月03日 周六,05:36:23,11:57:05,18:17:47,12:41:24,05:10:16,18:43:55,1970-01-01 23:57:05
2021年04月04日 周日,05:34:56,11:56:48,18:18:40,12:43:44,05:08:46,18:44:50,1970-01-01 23:56:48
2021年04月05日 周一,05:33:29,11:56:31,18:19:33,12:46:04,05:07:17,18:45:45,1970-01-01 23:56:31
2021年04月06日 周二,05:32:02,11:56:14,18:20:25,12:48:23,05:05:48,18:46:40,1970-01-01 23:56:14
2021年04月07日 周三,05:30:36,11:55:57,18:21:18,12:50:42,05:04:19,18:47:35,1970-01-01 23:55:57
2021年04月08日 周四,05:29:10,11:55:40,18:22:10,12:53:00,05:02:50,18:48:30,1970-01-01 23:55:40
2021年04月09日 周五,05:27:45,11:55:24,18:23:03,12:55:18,05:01:22,18:49:26,1970-01-01 23:55:24
2021年04月10日 周六,05:26:20,11:55:08,18:23:55,12:57:35,04:59:54,18:50:21,1970-01-01 23:55:07
2021年04月11日 周日,05:24:56,11:54:52,18:24:48,12:59:52,04:58:27,18:51:17,1970-01-01 23:54:52
2021年04月12日 周一,05:23:32,11:54:36,18:25:41,13:02:09,04:57:00,18:52:13,1970-01-01 23:54:36
2021年04月13日 周二,05:22:08,11:54:21,18:26:33,13:04:25,04:55:33,18:53:09,1970-01-01 23:54:21
2021年04月14日 周三,05:20:46,11:54:06,18:27:26,13:06:40,04:54:07,18:54:05,1970-01-01 23:54:06
2021年04月15日 周四,05:19:24,11:53:51,18:28:19,13:08:55,04:52:42,18:55:01,1970-01-01 23:53:51
2021年04月16日 周五,05:18:02,11:53:37,18:29:12,13:11:10,04:51:17,18:55:57,1970-01-01 23:53:37
2021年04月17日 周六,05:16:42,11:53:23,18:30:05,13:13:23,04:49:53,18:56:54,1970-01-01 23:53:23
2021年04月18日 周日,05:15:22,11:53:10,18:30:58,13:15:36,04:48:29,18:57:50,1970-01-01 23:53:09
2021年04月19日 周一,05:14:03,11:52:57,18:31:51,13:17:48,04:47:06,18:58:47,1970-01-01 23:52:56
2021年04月20日 周二,05:12:44,11:52:44,18:32:44,13:20:00,04:45:44,18:59:44,1970-01-01 23:52:44
2021年04月21日 周三,05:11:27,11:52:32,18:33:37,13:22:10,04:44:23,19:00:41,1970-01-01 23:52:32
2021年04月22日 周四,05:10:10,11:52:20,18:34:30,13:24:20,04:43:02,19:01:38,1970-01-01 23:52:20
2021年04月23日 周五,05:08:54,11:52:09,18:35:23,13:26:29,04:41:42,19:02:36,1970-01-01 23:52:09
2021年04月24日 周六,05:07:39,11:51:58,18:36:16,13:28:37,04:40:23,19:03:33,1970-01-01 23:51:58
2021年04月25日 周日,05:06:25,11:51:47,18:37:10,13:30:45,04:39:04,19:04:31,1970-01-01 23:51:47
2021年04月26日 周一,05:05:12,11:51:38,18:38:03,13:32:51,04:37:47,19:05:28,1970-01-01 23:51:37
2021年04月27日 周二,05:04:00,11:51:28,18:38:56,13:34:56,04:36:31,19:06:26,1970-01-01 23:51:28
2021年04月28日 周三,05:02:49,11:51:19,18:39:49,13:37:00,04:35:15,19:07:23,1970-01-01 23:51:19
2021年04月29日 周四,05:01:39,11:51:11,18:40:43,13:39:04,04:34:01,19:08:21,1970-01-01 23:51:11
2021年04月30日 周五,05:00:30,11:51:03,18:41:36,13:41:06,04:32:47,19:09:19,1970-01-01 23:51:03
2021年05月01日 周六,04:59:23,11:50:56,18:42:29,13:43:06,04:31:35,19:10:17,1970-01-01 23:50:56
2021年05月02日 周日,04:58:16,11:50:49,18:43:22,13:45:06,04:30:24,19:11:14,1970-01-01 23:50:49
2021年05月03日 周一,04:57:10,11:50:43,18:44:15,13:47:05,04:29:13,19:12:12,1970-01-01 23:50:42
2021年05月04日 周二,04:56:06,11:50:37,18:45:08,13:49:02,04:28:04,19:13:10,1970-01-01 23:50:37
2021年05月05日 周三,04:55:03,11:50:32,18:46:01,13:50:58,04:26:56,19:14:07,1970-01-01 23:50:31
2021年05月06日 周四,04:54:01,11:50:27,18:46:53,13:52:52,04:25:50,19:15:05,1970-01-01 23:50:27
2021年05月07日 周五,04:53:01,11:50:23,18:47:46,13:54:45,04:24:44,19:16:02,1970-01-01 23:50:23
2021年05月08日 周六,04:52:01,11:50:20,18:48:38,13:56:37,04:23:40,19:16:59,1970-01-01 23:50:19
2021年05月09日 周日,04:51:03,11:50:17,18:49:30,13:58:27,04:22:38,19:17:56,1970-01-01 23:50:17
2021年05月10日 周一,04:50:07,11:50:15,18:50:22,14:00:15,04:21:36,19:18:53,1970-01-01 23:50:14
2021年05月11日 周二,04:49:12,11:50:13,18:51:14,14:02:02,04:20:36,19:19:50,1970-01-01 23:50:13
2021年05月12日 周三,04:48:18,11:50:12,18:52:05,14:03:47,04:19:37,19:20:46,1970-01-01 23:50:11
2021年05月13日 周四,04:47:25,11:50:11,18:52:57,14:05:32,04:18:40,19:21:42,1970-01-01 23:50:11
2021年05月14日 周五,04:46:35,11:50:11,18:53:48,14:07:13,04:17:44,19:22:38,1970-01-01 23:50:11
2021年05月15日 周六,04:45:45,11:50:12,18:54:38,14:08:53,04:16:50,19:23:33,1970-01-01 23:50:11
2021年05月16日 周日,04:44:57,11:50:13,18:55:28,14:10:31,04:15:57,19:24:28,1970-01-01 23:50:12
2021年05月17日 周一,04:44:11,11:50:14,18:56:18,14:12:07,04:15:06,19:25:22,1970-01-01 23:50:14
2021年05月18日 周二,04:43:26,11:50:17,18:57:07,14:13:41,04:14:17,19:26:17,1970-01-01 23:50:17
2021年05月19日 周三,04:42:43,11:50:19,18:57:56,14:15:13,04:13:29,19:27:10,1970-01-01 23:50:19
2021年05月20日 周四,04:42:01,11:50:23,18:58:45,14:16:44,04:12:42,19:28:03,1970-01-01 23:50:22
2021年05月21日 周五,04:41:21,11:50:27,18:59:32,14:18:11,04:11:58,19:28:55,1970-01-01 23:50:26
2021年05月22日 周六,04:40:42,11:50:31,19:00:20,14:19:38,04:11:15,19:29:47,1970-01-01 23:50:31
2021年05月23日 周日,04:40:05,11:50:36,19:01:06,14:21:01,04:10:33,19:30:38,1970-01-01 23:50:35
2021年05月24日 周一,04:39:30,11:50:41,19:01:52,14:22:22,04:09:54,19:31:29,1970-01-01 23:50:41
2021年05月25日 周二,04:38:57,11:50:47,19:02:38,14:23:41,04:09:16,19:32:19,1970-01-01 23:50:47
2021年05月26日 周三,04:38:25,11:50:54,19:03:22,14:24:57,04:08:40,19:33:07,1970-01-01 23:50:53
2021年05月27日 周四,04:37:55,11:51:01,19:04:06,14:26:11,04:08:06,19:33:55,1970-01-01 23:51:00
2021年05月28日 周五,04:37:26,11:51:08,19:04:50,14:27:24,04:07:33,19:34:43,1970-01-01 23:51:08
2021年05月29日 周六,04:36:59,11:51:16,19:05:32,14:28:33,04:07:03,19:35:29,1970-01-01 23:51:16
2021年05月30日 周日,04:36:35,11:51:24,19:06:13,14:29:38,04:06:34,19:36:14,1970-01-01 23:51:24
2021年05月31日 周一,04:36:11,11:51:33,19:06:54,14:30:43,04:06:07,19:36:58,1970-01-01 23:51:32
2021年06月01日 周二,04:35:50,11:51:42,19:07:34,14:31:44,04:05:42,19:37:42,1970-01-01 23:51:42
2021年06月02日 周三,04:35:30,11:51:51,19:08:12,14:32:42,04:05:19,19:38:24,1970-01-01 23:51:51
2021年06月03日 周四,04:35:12,11:52:01,19:08:50,14:33:38,04:04:57,19:39:05,1970-01-01 23:52:01
2021年06月04日 周五,04:34:56,11:52:11,19:09:27,14:34:31,04:04:38,19:39:44,1970-01-01 23:52:11
2021年06月05日 周六,04:34:41,11:52:22,19:10:02,14:35:21,04:04:21,19:40:23,1970-01-01 23:52:22
2021年06月06日 周日,04:34:28,11:52:33,19:10:37,14:36:09,04:04:05,19:41:00,1970-01-01 23:52:32
2021年06月07日 周一,04:34:17,11:52:44,19:11:10,14:36:53,04:03:51,19:41:36,1970-01-01 23:52:43
2021年06月08日 周二,04:34:08,11:52:55,19:11:42,14:37:34,04:03:40,19:42:11,1970-01-01 23:52:55
2021年06月09日 周三,04:34:01,11:53:07,19:12:13,14:38:12,04:03:30,19:42:44,1970-01-01 23:53:07
2021年06月10日 周四,04:33:55,11:53:19,19:12:43,14:38:48,04:03:22,19:43:16,1970-01-01 23:53:19
2021年06月11日 周五,04:33:51,11:53:31,19:13:11,14:39:20,04:03:16,19:43:46,1970-01-01 23:53:31
2021年06月12日 周六,04:33:49,11:53:43,19:13:38,14:39:49,04:03:12,19:44:15,1970-01-01 23:53:43
2021年06月13日 周日,04:33:48,11:53:56,19:14:04,14:40:16,04:03:10,19:44:42,1970-01-01 23:53:56
2021年06月14日 周一,04:33:49,11:54:09,19:14:28,14:40:39,04:03:09,19:45:08,1970-01-01 23:54:08
2021年06月15日 周二,04:33:52,11:54:21,19:14:50,14:40:58,04:03:11,19:45:32,1970-01-01 23:54:21
2021年06月16日 周三,04:33:57,11:54:34,19:15:12,14:41:15,04:03:14,19:45:54,1970-01-01 23:54:34
2021年06月17日 周四,04:34:03,11:54:47,19:15:32,14:41:29,04:03:20,19:46:15,1970-01-01 23:54:47
2021年06月18日 周五,04:34:11,11:55:00,19:15:50,14:41:39,04:03:27,19:46:34,1970-01-01 23:55:00
2021年06月19日 周六,04:34:20,11:55:13,19:16:07,14:41:47,04:03:36,19:46:51,1970-01-01 23:55:13
2021年06月20日 周日,04:34:31,11:55:26,19:16:22,14:41:51,04:03:47,19:47:06,1970-01-01 23:55:26
2021年06月21日 周一,04:34:44,11:55:39,19:16:35,14:41:51,04:03:59,19:47:20,1970-01-01 23:55:39
2021年06月22日 周二,04:34:58,11:55:53,19:16:47,14:41:49,04:04:13,19:47:32,1970-01-01 23:55:52
2021年06月23日 周三,04:35:13,11:56:06,19:16:58,14:41:45,04:04:29,19:47:42,1970-01-01 23:56:05
2021年06月24日 周四,04:35:31,11:56:18,19:17:06,14:41:35,04:04:47,19:47:50,1970-01-01 23:56:18
2021年06月25日 周五,04:35:49,11:56:31,19:17:13,14:41:24,04:05:06,19:47:56,1970-01-01 23:56:31
2021年06月26日 周六,04:36:09,11:56:44,19:17:18,14:41:09,04:05:27,19:48:00,1970-01-01 23:56:43
2021年06月27日 周日,04:36:31,11:56:56,19:17:22,14:40:51,04:05:50,19:48:03,1970-01-01 23:56:56
2021年06月28日 周一,04:36:54,11:57:09,19:17:24,14:40:30,04:06:14,19:48:03,1970-01-01 23:57:08
2021年06月29日 周二,04:37:18,11:57:21,19:17:24,14:40:06,04:06:40,19:48:02,1970-01-01 23:57:21
2021年06月30日 周三,04:37:43,11:57:33,19:17:22,14:39:39,04:07:07,19:47:58,1970-01-01 23:57:32
2021年07月01日 周四,04:38:10,11:57:44,19:17:18,14:39:08,04:07:36,19:47:53,1970-01-01 23:57:44
2021年07月02日 周五,04:38:38,11:57:56,19:17:13,14:38:35,04:08:06,19:47:46,1970-01-01 23:57:56
2021年07月03日 周六,04:39:08,11:58:07,19:17:06,14:37:58,04:08:37,19:47:36,1970-01-01 23:58:06
2021年07月04日 周日,04:39:38,11:58:18,19:16:57,14:37:19,04:09:10,19:47:25,1970-01-01 23:58:17
2021年07月05日 周一,04:40:10,11:58:28,19:16:46,14:36:36,04:09:44,19:47:12,1970-01-01 23:58:28
2021年07月06日 周二,04:40:42,11:58:38,19:16:34,14:35:52,04:10:20,19:46:57,1970-01-01 23:58:38
2021年07月07日 周三,04:41:16,11:58:48,19:16:20,14:35:04,04:10:56,19:46:40,1970-01-01 23:58:48
2021年07月08日 周四,04:41:51,11:58:57,19:16:04,14:34:13,04:11:34,19:46:20,1970-01-01 23:58:57
2021年07月09日 周五,04:42:27,11:59:06,19:15:46,14:33:19,04:12:13,19:45:59,1970-01-01 23:59:06
2021年07月10日 周六,04:43:04,11:59:15,19:15:26,14:32:22,04:12:53,19:45:36,1970-01-01 23:59:14
2021年07月11日 周日,04:43:41,11:59:23,19:15:05,14:31:24,04:13:34,19:45:12,1970-01-01 23:59:23
2021年07月12日 周一,04:44:20,11:59:31,19:14:41,14:30:21,04:14:16,19:44:45,1970-01-01 23:59:30
2021年07月13日 周二,04:44:59,11:59:38,19:14:16,14:29:17,04:14:59,19:44:16,1970-01-01 23:59:37
2021年07月14日 周三,04:45:39,11:59:44,19:13:50,14:28:11,04:15:43,19:43:46,1970-01-01 23:59:44
2021年07月15日 周四,04:46:20,11:59:51,19:13:21,14:27:01,04:16:28,19:43:13,1970-01-01 23:59:50
2021年07月16日 周五,04:47:02,11:59:56,19:12:51,14:25:49,04:17:14,19:42:39,1970-01-01 23:59:56
2021年07月17日 周六,04:47:44,12:00:02,19:12:19,14:24:35,04:18:00,19:42:03,1970-01-02 00:00:01
2021年07月18日 周日,04:48:27,12:00:06,19:11:45,14:23:18,04:18:48,19:41:25,1970-01-02 00:00:06
2021年07月19日 周一,04:49:11,12:00:10,19:11:10,14:21:59,04:19:35,19:40:45,1970-01-02 00:00:10
2021年07月20日 周二,04:49:55,12:00:14,19:10:33,14:20:38,04:20:24,19:40:04,1970-01-02 00:00:14
2021年07月21日 周三,04:50:40,12:00:17,19:09:54,14:19:14,04:21:13,19:39:21,1970-01-02 00:00:17
2021年07月22日 周四,04:51:25,12:00:19,19:09:13,14:17:48,04:22:03,19:38:36,1970-01-02 00:00:19
2021年07月23日 周五,04:52:11,12:00:21,19:08:31,14:16:20,04:22:53,19:37:49,1970-01-02 00:00:21
2021年07月24日 周六,04:52:57,12:00:22,19:07:48,14:14:51,04:23:44,19:37:01,1970-01-02 00:00:22
2021年07月25日 周日,04:53:44,12:00:23,19:07:02,14:13:18,04:24:35,19:36:11,1970-01-02 00:00:23
2021年07月26日 周一,04:54:31,12:00:23,19:06:15,14:11:44,04:25:27,19:35:19,1970-01-02 00:00:23
2021年07月27日 周二,04:55:18,12:00:23,19:05:27,14:10:09,04:26:19,19:34:26,1970-01-02 00:00:22
2021年07月28日 周三,04:56:06,12:00:22,19:04:37,14:08:31,04:27:12,19:33:31,1970-01-02 00:00:21
2021年07月29日 周四,04:56:54,12:00:20,19:03:46,14:06:52,04:28:04,19:32:35,1970-01-02 00:00:19
2021年07月30日 周五,04:57:42,12:00:17,19:02:53,14:05:11,04:28:57,19:31:37,1970-01-02 00:00:17
2021年07月31日 周六,04:58:31,12:00:15,19:01:58,14:03:27,04:29:51,19:30:38,1970-01-02 00:00:14
2021年08月01日 周日,04:59:19,12:00:11,19:01:03,14:01:44,04:30:44,19:29:38,1970-01-02 00:00:11
2021年08月02日 周一,05:00:08,12:00:07,19:00:05,13:59:57,04:31:38,19:28:36,1970-01-02 00:00:07
2021年08月03日 周二,05:00:57,12:00:02,18:59:07,13:58:10,04:32:32,19:27:32,1970-01-02 00:00:02
2021年08月04日 周三,05:01:47,11:59:57,18:58:07,13:56:20,04:33:26,19:26:27,1970-01-01 23:59:56
2021年08月05日 周四,05:02:36,11:59:51,18:57:05,13:54:29,04:34:20,19:25:21,1970-01-01 23:59:50
2021年08月06日 周五,05:03:26,11:59:44,18:56:03,13:52:37,04:35:14,19:24:14,1970-01-01 23:59:44
2021年08月07日 周六,05:04:15,11:59:37,18:54:59,13:50:44,04:36:09,19:23:05,1970-01-01 23:59:37
2021年08月08日 周日,05:05:05,11:59:29,18:53:54,13:48:49,04:37:03,19:21:55,1970-01-01 23:59:29
2021年08月09日 周一,05:05:54,11:59:21,18:52:47,13:46:53,04:37:57,19:20:44,1970-01-01 23:59:20
2021年08月10日 周二,05:06:44,11:59:12,18:51:40,13:44:56,04:38:52,19:19:32,1970-01-01 23:59:12
2021年08月11日 周三,05:07:34,11:59:02,18:50:31,13:42:57,04:39:46,19:18:19,1970-01-01 23:59:02
2021年08月12日 周四,05:08:24,11:58:52,18:49:21,13:40:57,04:40:40,19:17:05,1970-01-01 23:58:52
2021年08月13日 周五,05:09:13,11:58:42,18:48:10,13:38:57,04:41:34,19:15:49,1970-01-01 23:58:41
2021年08月14日 周六,05:10:03,11:58:31,18:46:58,13:36:55,04:42:29,19:14:33,1970-01-01 23:58:31
2021年08月15日 周日,05:10:53,11:58:19,18:45:45,13:34:52,04:43:23,19:13:15,1970-01-01 23:58:19
2021年08月16日 周一,05:11:42,11:58:07,18:44:31,13:32:49,04:44:17,19:11:57,1970-01-01 23:58:07
2021年08月17日 周二,05:12:32,11:57:54,18:43:16,13:30:44,04:45:11,19:10:37,1970-01-01 23:57:54
2021年08月18日 周三,05:13:22,11:57:41,18:42:00,13:28:38,04:46:04,19:09:17,1970-01-01 23:57:40
2021年08月19日 周四,05:14:11,11:57:27,18:40:43,13:26:32,04:46:58,19:07:56,1970-01-01 23:57:27
2021年08月20日 周五,05:15:00,11:57:13,18:39:25,13:24:25,04:47:51,19:06:34,1970-01-01 23:57:12
2021年08月21日 周六,05:15:50,11:56:58,18:38:06,13:22:16,04:48:45,19:05:11,1970-01-01 23:56:58
2021年08月22日 周日,05:16:39,11:56:43,18:36:47,13:20:08,04:49:38,19:03:48,1970-01-01 23:56:43
2021年08月23日 周一,05:17:28,11:56:27,18:35:26,13:17:58,04:50:31,19:02:24,1970-01-01 23:56:27
2021年08月24日 周二,05:18:17,11:56:11,18:34:05,13:15:48,04:51:24,19:00:59,1970-01-01 23:56:11
2021年08月25日 周三,05:19:06,11:55:55,18:32:43,13:13:37,04:52:17,18:59:33,1970-01-01 23:55:55
2021年08月26日 周四,05:19:55,11:55:38,18:31:20,13:11:25,04:53:09,18:58:07,1970-01-01 23:55:38
2021年08月27日 周五,05:20:44,11:55:21,18:29:57,13:09:13,04:54:01,18:56:40,1970-01-01 23:55:20
2021年08月28日 周六,05:21:33,11:55:03,18:28:33,13:07:00,04:54:54,18:55:13,1970-01-01 23:55:03
2021年08月29日 周日,05:22:22,11:54:45,18:27:08,13:04:46,04:55:46,18:53:45,1970-01-01 23:54:45
2021年08月30日 周一,05:23:11,11:54:27,18:25:43,13:02:32,04:56:37,18:52:16,1970-01-01 23:54:26
2021年08月31日 周二,05:23:59,11:54:08,18:24:17,13:00:18,04:57:29,18:50:47,1970-01-01 23:54:08
2021年09月01日 周三,05:24:48,11:53:49,18:22:51,12:58:03,04:58:21,18:49:18,1970-01-01 23:53:49
2021年09月02日 周四,05:25:36,11:53:30,18:21:24,12:55:48,04:59:12,18:47:48,1970-01-01 23:53:30
2021年09月03日 周五,05:26:25,11:53:10,18:19:56,12:53:31,05:00:03,18:46:17,1970-01-01 23:53:10
2021年09月04日 周六,05:27:13,11:52:51,18:18:28,12:51:15,05:00:54,18:44:47,1970-01-01 23:52:50
2021年09月05日 周日,05:28:01,11:52:31,18:17:00,12:48:59,05:01:45,18:43:16,1970-01-01 23:52:30
2021年09月06日 周一,05:28:49,11:52:10,18:15:31,12:46:42,05:02:36,18:41:45,1970-01-01 23:52:10
2021年09月07日 周二,05:29:38,11:51:50,18:14:02,12:44:24,05:03:27,18:40:13,1970-01-01 23:51:50
2021年09月08日 周三,05:30:26,11:51:29,18:12:32,12:42:06,05:04:17,18:38:41,1970-01-01 23:51:29
2021年09月09日 周四,05:31:14,11:51:08,18:11:03,12:39:49,05:05:07,18:37:09,1970-01-01 23:51:08
2021年09月10日 周五,05:32:02,11:50:47,18:09:33,12:37:31,05:05:58,18:35:37,1970-01-01 23:50:47
2021年09月11日 周六,05:32:51,11:50:26,18:08:02,12:35:11,05:06:48,18:34:05,1970-01-01 23:50:26
2021年09月12日 周日,05:33:39,11:50:05,18:06:32,12:32:53,05:07:38,18:32:32,1970-01-01 23:50:05
2021年09月13日 周一,05:34:27,11:49:44,18:05:01,12:30:34,05:08:28,18:31:00,1970-01-01 23:49:44
2021年09月14日 周二,05:35:15,11:49:23,18:03:30,12:28:15,05:09:18,18:29:27,1970-01-01 23:49:22
2021年09月15日 周三,05:36:04,11:49:01,18:01:59,12:25:55,05:10:08,18:27:55,1970-01-01 23:49:01
2021年09月16日 周四,05:36:52,11:48:40,18:00:27,12:23:35,05:10:57,18:26:22,1970-01-01 23:48:39
2021年09月17日 周五,05:37:40,11:48:18,17:58:56,12:21:16,05:11:47,18:24:49,1970-01-01 23:48:18
2021年09月18日 周六,05:38:29,11:47:57,17:57:25,12:18:56,05:12:37,18:23:17,1970-01-01 23:47:57
2021年09月19日 周日,05:39:18,11:47:35,17:55:53,12:16:35,05:13:27,18:21:44,1970-01-01 23:47:35
2021年09月20日 周一,05:40:06,11:47:14,17:54:22,12:14:16,05:14:16,18:20:12,1970-01-01 23:47:14
2021年09月21日 周二,05:40:55,11:46:53,17:52:50,12:11:55,05:15:06,18:18:40,1970-01-01 23:46:53
2021年09月22日 周三,05:41:44,11:46:32,17:51:19,12:09:35,05:15:56,18:17:08,1970-01-01 23:46:32
2021年09月23日 周四,05:42:33,11:46:10,17:49:48,12:07:15,05:16:45,18:15:36,1970-01-01 23:46:10
2021年09月24日 周五,05:43:22,11:45:50,17:48:17,12:04:55,05:17:35,18:14:04,1970-01-01 23:45:49
2021年09月25日 周六,05:44:12,11:45:29,17:46:46,12:02:34,05:18:25,18:12:33,1970-01-01 23:45:29
2021年09月26日 周日,05:45:01,11:45:08,17:45:15,12:00:14,05:19:15,18:11:02,1970-01-01 23:45:08
2021年09月27日 周一,05:45:51,11:44:48,17:43:44,11:57:53,05:20:04,18:09:31,1970-01-01 23:44:47
2021年09月28日 周二,05:46:41,11:44:27,17:42:14,11:55:33,05:20:54,18:08:00,1970-01-01 23:44:27
2021年09月29日 周三,05:47:31,11:44:07,17:40:44,11:53:13,05:21:45,18:06:30,1970-01-01 23:44:07
2021年09月30日 周四,05:48:21,11:43:48,17:39:14,11:50:53,05:22:35,18:05:01,1970-01-01 23:43:48
2021年10月01日 周五,05:49:12,11:43:28,17:37:44,11:48:32,05:23:25,18:03:31,1970-01-01 23:43:28
2021年10月02日 周六,05:50:03,11:43:09,17:36:15,11:46:12,05:24:15,18:02:03,1970-01-01 23:43:09
2021年10月03日 周日,05:50:54,11:42:50,17:34:46,11:43:52,05:25:06,18:00:34,1970-01-01 23:42:50
2021年10月04日 周一,05:51:45,11:42:32,17:33:18,11:41:33,05:25:57,17:59:07,1970-01-01 23:42:32
2021年10月05日 周二,05:52:37,11:42:13,17:31:50,11:39:13,05:26:48,17:57:39,1970-01-01 23:42:13
2021年10月06日 周三,05:53:29,11:41:56,17:30:23,11:36:54,05:27:39,17:56:13,1970-01-01 23:41:56
2021年10月07日 周四,05:54:21,11:41:38,17:28:56,11:34:35,05:28:30,17:54:47,1970-01-01 23:41:38
2021年10月08日 周五,05:55:13,11:41:21,17:27:29,11:32:16,05:29:21,17:53:21,1970-01-01 23:41:21
2021年10月09日 周六,05:56:06,11:41:05,17:26:03,11:29:57,05:30:13,17:51:57,1970-01-01 23:41:05
2021年10月10日 周日,05:56:59,11:40:49,17:24:38,11:27:39,05:31:05,17:50:33,1970-01-01 23:40:49
2021年10月11日 周一,05:57:53,11:40:33,17:23:14,11:25:21,05:31:57,17:49:09,1970-01-01 23:40:33
2021年10月12日 周二,05:58:46,11:40:18,17:21:50,11:23:04,05:32:49,17:47:47,1970-01-01 23:40:18
2021年10月13日 周三,05:59:40,11:40:03,17:20:26,11:20:46,05:33:41,17:46:25,1970-01-01 23:40:03
2021年10月14日 周四,06:00:35,11:39:49,17:19:04,11:18:29,05:34:34,17:45:04,1970-01-01 23:39:49
2021年10月15日 周五,06:01:29,11:39:36,17:17:42,11:16:13,05:35:27,17:43:44,1970-01-01 23:39:35
2021年10月16日 周六,06:02:24,11:39:23,17:16:21,11:13:57,05:36:20,17:42:25,1970-01-01 23:39:22
2021年10月17日 周日,06:03:20,11:39:10,17:15:01,11:11:41,05:37:14,17:41:07,1970-01-01 23:39:10
2021年10月18日 周一,06:04:16,11:38:59,17:13:41,11:09:25,05:38:07,17:39:50,1970-01-01 23:38:58
2021年10月19日 周二,06:05:12,11:38:47,17:12:23,11:07:11,05:39:01,17:38:33,1970-01-01 23:38:47
2021年10月20日 周三,06:06:08,11:38:37,17:11:05,11:04:57,05:39:56,17:37:18,1970-01-01 23:38:37
2021年10月21日 周四,06:07:05,11:38:27,17:09:49,11:02:44,05:40:50,17:36:04,1970-01-01 23:38:27
2021年10月22日 周五,06:08:02,11:38:18,17:08:33,11:00:31,05:41:45,17:34:50,1970-01-01 23:38:17
2021年10月23日 周六,06:09:00,11:38:09,17:07:19,10:58:19,05:42:40,17:33:38,1970-01-01 23:38:09
2021年10月24日 周日,06:09:57,11:38:01,17:06:05,10:56:08,05:43:35,17:32:27,1970-01-01 23:38:01
2021年10月25日 周一,06:10:56,11:37:54,17:04:53,10:53:57,05:44:31,17:31:17,1970-01-01 23:37:54
2021年10月26日 周二,06:11:54,11:37:48,17:03:41,10:51:47,05:45:27,17:30:09,1970-01-01 23:37:48
2021年10月27日 周三,06:12:53,11:37:42,17:02:31,10:49:38,05:46:23,17:29:01,1970-01-01 23:37:42
2021年10月28日 周四,06:13:52,11:37:37,17:01:22,10:47:30,05:47:19,17:27:55,1970-01-01 23:37:37
2021年10月29日 周五,06:14:52,11:37:33,17:00:14,10:45:22,05:48:16,17:26:50,1970-01-01 23:37:33
2021年10月30日 周六,06:15:51,11:37:29,16:59:07,10:43:16,05:49:12,17:25:46,1970-01-01 23:37:29
2021年10月31日 周日,06:16:52,11:37:27,16:58:02,10:41:10,05:50:09,17:24:44,1970-01-01 23:37:26
2021年11月01日 周一,06:17:52,11:37:25,16:56:58,10:39:06,05:51:07,17:23:43,1970-01-01 23:37:25
2021年11月02日 周二,06:18:52,11:37:24,16:55:55,10:37:03,05:52:04,17:22:44,1970-01-01 23:37:24
2021年11月03日 周三,06:19:53,11:37:24,16:54:54,10:35:01,05:53:02,17:21:45,1970-01-01 23:37:23
2021年11月04日 周四,06:20:54,11:37:24,16:53:54,10:33:00,05:54:00,17:20:49,1970-01-01 23:37:24
2021年11月05日 周五,06:21:56,11:37:26,16:52:55,10:30:59,05:54:58,17:19:54,1970-01-01 23:37:26
2021年11月06日 周六,06:22:57,11:37:28,16:51:58,10:29:01,05:55:56,17:19:00,1970-01-01 23:37:28
2021年11月07日 周日,06:23:59,11:37:31,16:51:03,10:27:04,05:56:54,17:18:08,1970-01-01 23:37:31
2021年11月08日 周一,06:25:01,11:37:35,16:50:09,10:25:08,05:57:52,17:17:17,1970-01-01 23:37:34
2021年11月09日 周二,06:26:03,11:37:40,16:49:16,10:23:13,05:58:51,17:16:28,1970-01-01 23:37:39
2021年11月10日 周三,06:27:05,11:37:45,16:48:26,10:21:21,05:59:50,17:15:41,1970-01-01 23:37:45
2021年11月11日 周四,06:28:07,11:37:52,16:47:36,10:19:29,06:00:48,17:14:55,1970-01-01 23:37:51
2021年11月12日 周五,06:29:09,11:37:59,16:46:49,10:17:40,06:01:47,17:14:11,1970-01-01 23:37:59
2021年11月13日 周六,06:30:11,11:38:07,16:46:03,10:15:52,06:02:46,17:13:29,1970-01-01 23:38:07
2021年11月14日 周日,06:31:13,11:38:16,16:45:19,10:14:06,06:03:44,17:12:48,1970-01-01 23:38:16
2021年11月15日 周一,06:32:16,11:38:26,16:44:36,10:12:20,06:04:43,17:12:09,1970-01-01 23:38:26
2021年11月16日 周二,06:33:18,11:38:37,16:43:56,10:10:38,06:05:41,17:11:32,1970-01-01 23:38:36
2021年11月17日 周三,06:34:20,11:38:48,16:43:17,10:08:57,06:06:40,17:10:56,1970-01-01 23:38:48
2021年11月18日 周四,06:35:21,11:39:01,16:42:40,10:07:19,06:07:38,17:10:23,1970-01-01 23:39:00
2021年11月19日 周五,06:36:23,11:39:14,16:42:04,10:05:41,06:08:36,17:09:51,1970-01-01 23:39:13
2021年11月20日 周六,06:37:24,11:39:28,16:41:31,10:04:07,06:09:34,17:09:21,1970-01-01 23:39:27
2021年11月21日 周日,06:38:25,11:39:43,16:41:00,10:02:35,06:10:32,17:08:53,1970-01-01 23:39:42
2021年11月22日 周一,06:39:26,11:39:58,16:40:30,10:01:04,06:11:29,17:08:27,1970-01-01 23:39:58
2021年11月23日 周二,06:40:27,11:40:15,16:40:02,09:59:35,06:12:27,17:08:02,1970-01-01 23:40:14
2021年11月24日 周三,06:41:27,11:40:32,16:39:37,09:58:10,06:13:23,17:07:40,1970-01-01 23:40:31
2021年11月25日 周四,06:42:26,11:40:50,16:39:13,09:56:47,06:14:20,17:07:20,1970-01-01 23:40:50
2021年11月26日 周五,06:43:25,11:41:08,16:38:51,09:55:26,06:15:16,17:07:01,1970-01-01 23:41:08
2021年11月27日 周六,06:44:24,11:41:28,16:38:32,09:54:08,06:16:11,17:06:44,1970-01-01 23:41:27
2021年11月28日 周日,06:45:22,11:41:48,16:38:14,09:52:52,06:17:06,17:06:30,1970-01-01 23:41:48
2021年11月29日 周一,06:46:19,11:42:09,16:37:58,09:51:39,06:18:01,17:06:17,1970-01-01 23:42:09
2021年11月30日 周二,06:47:16,11:42:30,16:37:45,09:50:29,06:18:55,17:06:06,1970-01-01 23:42:30
2021年12月01日 周三,06:48:12,11:42:53,16:37:33,09:49:21,06:19:48,17:05:57,1970-01-01 23:42:52
2021年12月02日 周四,06:49:07,11:43:15,16:37:23,09:48:16,06:20:40,17:05:50,1970-01-01 23:43:15
2021年12月03日 周五,06:50:02,11:43:39,16:37:16,09:47:14,06:21:32,17:05:45,1970-01-01 23:43:38
2021年12月04日 周六,06:50:55,11:44:03,16:37:10,09:46:15,06:22:23,17:05:42,1970-01-01 23:44:02
2021年12月05日 周日,06:51:48,11:44:27,16:37:07,09:45:19,06:23:14,17:05:41,1970-01-01 23:44:27
2021年12月06日 周一,06:52:39,11:44:53,16:37:06,09:44:27,06:24:03,17:05:42,1970-01-01 23:44:52
2021年12月07日 周二,06:53:30,11:45:18,16:37:07,09:43:37,06:24:51,17:05:45,1970-01-01 23:45:18
2021年12月08日 周三,06:54:20,11:45:44,16:37:09,09:42:49,06:25:39,17:05:50,1970-01-01 23:45:44
2021年12月09日 周四,06:55:08,11:46:11,16:37:14,09:42:06,06:26:25,17:05:57,1970-01-01 23:46:11
2021年12月10日 周五,06:55:55,11:46:38,16:37:21,09:41:26,06:27:11,17:06:05,1970-01-01 23:46:38
2021年12月11日 周六,06:56:41,11:47:06,16:37:30,09:40:49,06:27:55,17:06:16,1970-01-01 23:47:05
2021年12月12日 周日,06:57:26,11:47:34,16:37:41,09:40:15,06:28:38,17:06:29,1970-01-01 23:47:33
2021年12月13日 周一,06:58:09,11:48:02,16:37:54,09:39:45,06:29:21,17:06:43,1970-01-01 23:48:02
2021年12月14日 周二,06:58:51,11:48:30,16:38:09,09:39:18,06:30:01,17:06:59,1970-01-01 23:48:30
2021年12月15日 周三,06:59:32,11:48:59,16:38:26,09:38:54,06:30:41,17:07:17,1970-01-01 23:48:59
2021年12月16日 周四,07:00:11,11:49:28,16:38:45,09:38:34,06:31:19,17:07:37,1970-01-01 23:49:28
2021年12月17日 周五,07:00:49,11:49:57,16:39:06,09:38:17,06:31:56,17:07:59,1970-01-01 23:49:57
2021年12月18日 周六,07:01:25,11:50:27,16:39:29,09:38:04,06:32:32,17:08:22,1970-01-01 23:50:27
2021年12月19日 周日,07:01:59,11:50:56,16:39:54,09:37:55,06:33:06,17:08:47,1970-01-01 23:50:56
2021年12月20日 周一,07:02:32,11:51:26,16:40:20,09:37:48,06:33:38,17:09:14,1970-01-01 23:51:26
2021年12月21日 周二,07:03:03,11:51:56,16:40:48,09:37:45,06:34:09,17:09:42,1970-01-01 23:51:55
2021年12月22日 周三,07:03:33,11:52:26,16:41:19,09:37:46,06:34:39,17:10:12,1970-01-01 23:52:25
2021年12月23日 周四,07:04:01,11:52:55,16:41:50,09:37:49,06:35:07,17:10:44,1970-01-01 23:52:55
2021年12月24日 周五,07:04:27,11:53:25,16:42:24,09:37:57,06:35:33,17:11:17,1970-01-01 23:53:25
2021年12月25日 周六,07:04:51,11:53:55,16:42:59,09:38:08,06:35:58,17:11:52,1970-01-01 23:53:55
2021年12月26日 周日,07:05:13,11:54:25,16:43:36,09:38:23,06:36:21,17:12:29,1970-01-01 23:54:25
2021年12月27日 周一,07:05:34,11:54:54,16:44:15,09:38:41,06:36:42,17:13:06,1970-01-01 23:54:54
2021年12月28日 周二,07:05:52,11:55:24,16:44:55,09:39:03,06:37:02,17:13:45,1970-01-01 23:55:23
2021年12月29日 周三,07:06:09,11:55:53,16:45:37,09:39:28,06:37:20,17:14:26,1970-01-01 23:55:53
2021年12月30日 周四,07:06:24,11:56:22,16:46:20,09:39:56,06:37:36,17:15:08,1970-01-01 23:56:22
2021年12月31日 周五,07:06:37,11:56:51,16:47:04,09:40:27,06:37:50,17:15:5,1970-01-01 23:56:50
